<?xml version="1.0" encoding="UTF-8"?>
<project-private xmlns="http://www.netbeans.org/ns/project-private/1">
    <editor-bookmarks xmlns="http://www.netbeans.org/ns/editor-bookmarks/1">
        <file>
            <url>uart.c</url>
            <line>0</line>
        </file>
    </editor-bookmarks>
    <open-files xmlns="http://www.netbeans.org/ns/projectui-open-files/1">
        <file>file:/Users/akihiro/GitHub/PIC_2DMatrix/PowerLEDDriverGetSide_sink/ver0.0_20140727.c</file>
    </open-files>
</project-private>
